country,year,population,gdp,cement_co2,co2,co2_per_capita,co2_per_gdp,co2_per_unit_energy,coal_co2,consumption_co2,flaring_co2,gas_co2,methane,nitrous_oxide,oil_co2,other_industry_co2,primary_energy_consumption,total_ghg
India,1850,235732435,2.23E+11,,,,,,,,,,,,,,,
India,1851,236722812,2.24E+11,,,,,,,,,,,,,,,
India,1852,237693556,,,,,,,,,,,,,,,,
India,1853,238644470,,,,,,,,,,,,,,,,
India,1854,239599135,,,,,,,,,,,,,,,,
India,1855,240557565,,,,,,,,,,,,,,,,
India,1856,241519775,,,,,,,,,,,,,,,,
India,1857,242485780,,,,,,,,,,,,,,,,
India,1858,243455595,,,0.394,0.002,,,0.394,,0,0,,,0,,,
India,1859,244429232,,,0.636,0.003,,,0.636,,0,0,,,0,,,
India,1860,245406706,,,0.643,0.003,,,0.643,,0,0,,,0,,,
India,1861,246388032,2.20E+11,,0.497,0.002,0.002,,0.497,,0,0,,,0,,,
India,1862,247373226,,,0.55,0.002,,,0.55,,0,0,,,0,,,
India,1863,248362301,,,0.61,0.002,,,0.61,,0,0,,,0,,,
India,1864,249355276,,,0.577,0.002,,,0.577,,0,0,,,0,,,
India,1865,250352166,,,0.567,0.002,,,0.567,,0,0,,,0,,,
India,1866,251352986,,,0.64,0.003,,,0.64,,0,0,,,0,,,
India,1867,252357751,,,,,,,,,,,,,,,,
India,1868,253366477,,,,,,,,,,,,,,,,
India,1869,254283265,,,,,,,,,,,,,,,,
India,1870,255107500,2.15E+11,,,,,,,,,,,,,,,
India,1871,255838563,,,,,,,,,,,,,,,,
India,1872,256475832,,,,,,,,,,,,,,,,
India,1873,257018683,,,,,,,,,,,,,,,,
India,1874,257562626,,,,,,,,,,,,,,,,
India,1875,258107664,,,,,,,,,,,,,,,,
India,1876,258653799,,,,,,,,,,,,,,,,
India,1877,259201033,,,,,,,,,,,,,,,,
India,1878,259749368,,,1.767,0.007,,,1.767,,0,0,,,0,,,
India,1879,260650638,,,1.684,0.006,,,1.611,,0,0,,,0.073,,,
India,1880,261908874,,,1.887,0.007,,,1.777,,0,0,,,0.11,,,
India,1881,263528141,,,1.839,0.007,,,1.74,,0,0,,,0.099,,,
India,1882,265512544,,,2.196,0.008,,,1.969,,0,0,,,0.227,,,
India,1883,267866225,,,2.441,0.009,,,2.291,,0,0,,,0.15,,,
India,1884,270240712,2.34E+11,,2.73,0.01,0.012,,2.433,,0,0,,,0.297,,,
India,1885,272636189,2.42E+11,,2.459,0.009,0.01,,2.254,,0,0,,,0.205,,,
India,1886,275052841,2.36E+11,,2.772,0.01,0.012,,2.417,,0,0,,,0.355,,,
India,1887,277490853,2.49E+11,,3.066,0.011,0.012,,2.722,,0,0,,,0.344,,,
India,1888,279950415,2.52E+11,,3.41,0.012,0.014,,2.974,,0,0,,,0.436,,,
India,1889,282052078,2.47E+11,,4.022,0.014,0.016,,3.388,,0,0,,,0.634,,,
India,1890,283791657,2.60E+11,,4.432,0.016,0.017,,3.776,,0,0,,,0.656,,,
India,1891,285164933,2.36E+11,,4.772,0.017,0.02,,4.054,,0,0,,,0.718,,,
India,1892,286167644,2.55E+11,,5.247,0.018,0.021,,4.416,,0,0,,,0.831,,,
India,1893,286795490,2.62E+11,,5.543,0.019,0.021,,4.459,,0,0,,,1.084,,,
India,1894,287424652,2.66E+11,,5.617,0.02,0.021,,4.91,,0,0,,,0.707,,,
India,1895,288055133,2.59E+11,,7.035,0.024,0.027,,6.162,,0,0,,,0.872,,,
India,1896,288686934,2.40E+11,,7.608,0.026,0.032,,6.703,,0,0,,,0.905,,,
India,1897,289320059,2.84E+11,,8.253,0.029,0.029,,7.081,,0,0,,,1.172,,,
India,1898,289954511,2.85E+11,,9.125,0.031,0.032,,8.023,,0,0,,,1.102,,,
India,1899,290840108,2.63E+11,,10.054,0.035,0.038,,8.871,,0,0,,,1.183,,,
India,1900,291979136,2.72E+11,,11.93,0.041,0.044,,10.655,,0,0,,,1.275,,,
India,1901,293373897,2.77E+11,,13.18,0.045,0.048,,11.553,,0,0,,,1.627,,,
India,1902,295026710,3.01E+11,,14.515,0.049,0.048,,12.926,,0,0,,,1.59,,,
India,1903,296939909,3.05E+11,,14.802,0.05,0.049,,12.952,,0,0,,,1.85,,,
India,1904,298865451,3.06E+11,,16.561,0.055,0.054,,14.308,,0,0,,,2.253,,,
India,1905,300803415,3.01E+11,,16.931,0.056,0.056,,14.659,,0,0,,,2.272,,,
India,1906,302753881,3.09E+11,,19.549,0.065,0.063,,17.036,,0,0,,,2.514,,,
India,1907,304716930,2.91E+11,,21.772,0.071,0.075,,19.413,,0,0,,,2.36,,,
India,1908,306692643,2.95E+11,,24.908,0.081,0.084,,22.237,,0,0,,,2.671,,,
India,1909,308378771,3.35E+11,,24.143,0.078,0.072,,20.669,,0,0,,,3.473,,,
India,1910,309772810,3.36E+11,,23.487,0.076,0.07,,20.978,,0,0,,,2.51,,,
India,1911,310872238,3.34E+11,,24.782,0.08,0.074,,22.144,,0,0,,,2.638,,,
India,1912,311674516,3.33E+11,,28.521,0.092,0.086,,25.609,,0,0,,,2.913,,,
India,1913,312177087,3.26E+11,,31.467,0.101,0.097,,28.224,,0,0,,,3.243,,,
India,1914,312680404,3.44E+11,,31.698,0.101,0.092,,28.671,,0,0,,,3.027,,,
India,1915,313184465,3.35E+11,,33.142,0.106,0.099,,29.786,,0,0,,,3.356,,,
India,1916,313689273,3.45E+11,,33.518,0.107,0.097,,30.044,,0,0,,,3.473,,,
India,1917,314194829,3.39E+11,,35.02,0.111,0.103,,31.715,,0,0,,,3.305,,,
India,1918,314556958,2.95E+11,,39.359,0.125,0.133,,36.087,,0,0,,,3.272,,,
India,1919,315455236,3.36E+11,,42.975,0.136,0.128,,39.403,,0,0,,,3.572,,,
India,1920,316895450,3.09E+11,,34.868,0.11,0.113,,31.277,,0,0,,,3.591,,,
India,1921,318883445,3.32E+11,,37.506,0.118,0.113,,33.614,,0,0,,,3.891,,,
India,1922,321425121,3.47E+11,,36.903,0.115,0.106,,33.104,,0,0,,,3.799,,,
India,1923,324526435,3.36E+11,,37.972,0.117,0.113,,34.231,,0,0,,,3.741,,,
India,1924,327657673,3.52E+11,,40.628,0.124,0.115,,36.879,,0,0,,,3.749,,,
India,1925,330819124,3.56E+11,,40.085,0.121,0.113,,36.399,,0,0,,,3.686,,,
India,1926,334011077,3.67E+11,,39.943,0.12,0.109,,36.568,,0,0,,,3.375,,,
India,1927,337233829,3.67E+11,,41.884,0.124,0.114,,38.454,,0,0,,,3.43,,,
India,1928,340487677,3.71E+11,0.289,40.073,0.118,0.108,,39.257,,0,0,,,0.528,,,
India,1929,344079020,3.86E+11,0.293,41.708,0.121,0.108,,40.781,,0,0,,,0.634,,,
India,1930,348015421,3.89E+11,0.293,42.4,0.122,0.109,,41.451,,0,0,,,0.656,,,
India,1931,352304571,3.86E+11,0.3,38.851,0.11,0.101,,37.815,,0,0,,,0.736,,,
India,1932,356954300,3.91E+11,0.304,36.13,0.101,0.092,,35.093,,0,0,,,0.733,,,
India,1933,361972574,3.91E+11,0.319,35.467,0.098,0.091,,34.46,,0,0,,,0.689,,,
India,1934,367061397,3.95E+11,0.39,39.611,0.108,0.1,,38.411,,0,0,,,0.81,,,
India,1935,372221763,3.91E+11,0.454,41.393,0.111,0.106,,40.082,,0,0,,,0.857,,,
India,1936,377454675,4.06E+11,0.499,40.685,0.108,0.1,,39.376,,0,0,,,0.81,,,
India,1937,382761156,4.00E+11,0.581,45.067,0.118,0.113,,43.599,,0,0,,,0.887,,,
India,1938,388142237,4.01E+11,0,50.38,0.13,0.126,,49.357,,0,0,,,1.022,,,
India,1939,391883882,4.10E+11,0,49.312,0.126,0.12,,48.36,,0,0,,,0.953,,,
India,1940,393975786,4.23E+11,0,52.31,0.133,0.124,,51.177,,0,0,,,1.132,,,
India,1941,394407406,4.31E+11,1.084,53.581,0.136,0.124,,51.31,,0,0,,,1.187,,,
India,1942,393167957,4.29E+11,1.133,53.53,0.136,0.125,,51.254,,0,0,,,1.143,,,
India,1943,390246408,4.46E+11,1.095,46.644,0.12,0.105,,44.428,,0,0,,,1.121,,,
India,1944,387346568,4.42E+11,1.058,47.696,0.123,0.108,,45.499,,0,0,,,1.14,,,
India,1945,384468277,4.34E+11,1.11,52.874,0.138,0.122,,50.793,,0,0,,,0.971,,,
India,1946,381611373,4.11E+11,1.005,52.225,0.137,0.127,,50.322,,0,0,,,0.898,,,
India,1947,378775698,3.41E+11,0.75,53.18,0.14,0.156,,51.668,,0,0,,,0.762,,,
India,1948,375961095,3.44E+11,0.806,53.204,0.142,0.155,,51.628,,0,0,,,0.769,,,
India,1949,375136619,3.53E+11,1.088,56.188,0.15,0.159,,54.323,,0,0,,,0.777,,,
India,1950,357021120,3.54E+11,1.354,61.103,0.171,0.172,,52.56,,0,0,,,7.189,,,
India,1951,364922368,3.62E+11,1.658,64.022,0.175,0.177,,54.512,,0,0,,,7.852,,,
India,1952,372997184,3.73E+11,1.834,67.426,0.181,0.181,,58.03,,0,0,,,7.562,,,
India,1953,381227712,3.97E+11,1.958,68.705,0.18,0.173,,59.067,,0,0,,,7.68,,,
India,1954,389731392,4.13E+11,2.281,72.414,0.186,0.175,,60.592,,0,0,,,9.541,,,
India,1955,398577984,4.24E+11,2.326,78.788,0.198,0.186,,63.712,,0,0,,,12.751,,,
India,1956,407656608,4.48E+11,2.554,81.656,0.2,0.182,,65.157,,0,0,,,13.945,,,
India,1957,416935392,4.43E+11,2.903,91.635,0.22,0.207,,72.838,,0,0,,,15.894,,,
India,1958,426295776,4.77E+11,3.154,95.816,0.225,0.201,,75.819,,0,0,,,16.843,,,
India,1959,435900352,4.87E+11,3.537,101.447,0.233,0.208,,79.524,,0,0,,,18.387,,,
India,1960,445954560,5.21E+11,4.002,111.325,0.25,0.214,,87.878,,0,0,,,19.445,,,
India,1961,456351872,5.36E+11,4.205,120.404,0.264,0.224,,94.885,,0,0.004,,,21.31,,,
India,1962,467024192,5.48E+11,4.381,132.582,0.284,0.242,,103.261,,0.044,0.011,,,24.885,,,
India,1963,477933632,5.76E+11,4.771,142.444,0.298,0.247,,110.42,,0.136,0.011,,,27.106,,,
India,1964,489059296,6.20E+11,4.944,139.488,0.285,0.225,,105.924,,0.476,0.022,,,28.122,,,
India,1965,500114336,5.96E+11,5.398,153.702,0.307,0.258,0.248,116.456,,0.751,0.282,,,30.815,,619.451,
India,1966,510992608,6.01E+11,5.57,159.374,0.312,0.265,0.25,116.984,,0.832,0.311,,,35.676,,638.414,
India,1967,521987072,6.51E+11,5.821,159.556,0.306,0.245,0.242,119.096,,1.455,0.487,,,32.698,,658.433,
India,1968,533431904,6.68E+11,5.872,174.07,0.326,0.26,0.247,123.826,,1.37,0.751,,,42.25,,703.985,
India,1969,545314688,7.13E+11,6.438,177.414,0.325,0.249,0.227,123.368,,1.26,0.997,,,45.35,,780.436,
India,1970,557501312,7.49E+11,6.495,181.723,0.326,0.243,0.238,123.551,,1.422,0.923,,,49.332,,763.741,
India,1971,569999168,7.56E+11,7.052,191.964,0.337,0.254,0.242,126.967,,1.418,1.085,,,55.443,,794.386,
India,1972,582837952,7.54E+11,7.363,203.036,0.348,0.269,0.243,134.377,,1.213,1.205,,,58.878,,835.859,
India,1973,596107456,7.89E+11,6.921,209.095,0.351,0.265,0.245,137.809,,1.447,1.169,,,61.749,,853.324,
India,1974,609721920,7.97E+11,6.501,215.853,0.354,0.271,0.239,145.639,,1.726,1.359,,,60.628,,903.988,
India,1975,623524224,8.68E+11,7.288,234.209,0.376,0.27,0.241,161.338,,2.012,1.733,,,61.838,,972.011,
India,1976,637451456,8.79E+11,8.279,244.75,0.384,0.279,0.24,168.921,,1.817,2.294,,,63.438,,1019.454,
India,1977,651685632,9.47E+11,8.322,258.962,0.397,0.273,0.24,177.51,,2.092,2.481,,,68.557,,1078.32,
India,1978,666267776,9.98E+11,8.421,263.15,0.395,0.264,0.235,174.689,,1.982,2.741,,,75.317,,1120.973,
India,1979,681248384,9.48E+11,7.752,276.285,0.406,0.292,0.234,180.623,,2.217,3.03,,,82.664,,1182.959,
India,1980,696828352,1.02E+12,7.545,291.711,0.419,0.287,0.239,197.337,,1.165,2.488,,,83.176,,1218.599,
India,1981,712869312,1.08E+12,8.888,314.966,0.442,0.292,0.233,210.305,,3.177,2.884,,,89.713,,1349.285,
India,1982,729169472,1.11E+12,9.676,325.38,0.446,0.293,0.244,213.123,,3.814,4.36,,,94.407,,1336.049,
India,1983,745826560,1.20E+12,10.951,352.199,0.472,0.293,0.251,232.519,,4.316,5.243,,,99.17,,1405.05,
India,1984,762895168,1.25E+12,12.593,361.56,0.474,0.29,0.241,231.493,,5.199,6.17,,,106.105,,1500.919,
India,1985,780242112,1.30E+12,14.39,397.592,0.51,0.306,0.251,253.289,,5.954,7.2,,,116.76,,1584.263,
India,1986,797878976,1.35E+12,16.006,426.31,0.534,0.315,0.251,273.172,,4.965,10.31,,,121.857,,1695.591,
India,1987,815716160,1.41E+12,16.412,455.343,0.558,0.322,0.253,291.856,,6.628,12.776,,,127.671,,1802.854,
India,1988,833729664,1.56E+12,18.229,491.693,0.59,0.315,0.251,317.172,,7.471,15.206,,,133.615,,1962.302,
India,1989,852012672,1.66E+12,20.791,540.651,0.635,0.325,0.252,339.626,,11.003,18.518,,,150.714,,2143.414,
India,1990,870452160,1.75E+12,22.348,577.997,0.664,0.33,0.251,366.514,575.24,9.871,21.097,511.26,147.25,158.167,,2300.701,1002.56
India,1991,888941760,1.76E+12,24.503,615.365,0.692,0.349,0.253,393.043,596.628,7.834,23.563,516.81,151.4,166.423,,2427.663,1056.25
India,1992,907574080,1.84E+12,25.156,655.448,0.722,0.356,0.257,411.415,646.378,3.565,27.256,518.28,155.55,188.055,,2552.772,1081.28
India,1993,926351296,1.93E+12,26.602,677.3,0.731,0.351,0.259,433.122,651.706,3.701,26.996,522.27,159.1,186.879,,2616.248,1114.22
India,1994,945261952,2.04E+12,28.54,716.269,0.758,0.351,0.26,455.72,684.847,4.056,28.997,525.93,164.8,198.955,,2757.121,1158.48
India,1995,964279104,2.17E+12,31.104,761.449,0.79,0.351,0.257,471.723,719.423,3.29,39.051,535.25,168.31,216.281,,2963.118,1223.65
India,1996,983281216,2.32E+12,34.079,825.201,0.839,0.355,0.268,504.499,768.699,3.715,39.747,543.92,171.67,243.16,,3081.631,1272.74
India,1997,1002335232,2.40E+12,37.418,858.935,0.857,0.357,0.264,527.723,803.935,3.569,46.024,551.86,176.81,244.202,,3252.01,1331.88
India,1998,1021434560,2.54E+12,39.026,876.952,0.859,0.345,0.254,524.126,820.29,3.312,47.595,560.55,180.72,262.892,,3449.497,1362.33
India,1999,1040500032,2.68E+12,44.592,950.951,0.914,0.355,0.268,560.528,903.167,3.004,42.316,569.23,184.19,300.51,,3549.489,1440.38
India,2000,1059633664,2.77E+12,45.957,978.104,0.923,0.353,0.262,572.877,905.62,3.111,43.873,573,180.54,312.287,,3728.514,1477.87
India,2001,1078970880,2.91E+12,46.74,991.732,0.919,0.341,0.265,582.083,913.154,3.224,43.569,574.73,184.86,316.115,,3743.853,1725.86
India,2002,1098313088,2.99E+12,49.111,1022.175,0.931,0.342,0.264,598.598,928.201,2.744,47.134,567.32,178.71,324.588,,3865.751,1744.38
India,2003,1117415168,3.21E+12,50.88,1058.725,0.947,0.33,0.264,625.891,981.077,2.03,49.988,575.75,187.28,329.937,,4004.078,1787.88
India,2004,1136264576,3.45E+12,55.545,1124.518,0.99,0.326,0.259,669.969,1035.428,1.902,49.585,583.04,194.89,347.518,,4347.582,1876.85
India,2005,1154638720,3.71E+12,59.687,1184.927,1.026,0.319,0.257,721.47,1095.646,1.685,50.439,594.88,203.35,351.646,,4603.61,1948.11
India,2006,1172373760,4.02E+12,64.905,1258.643,1.074,0.313,0.26,773.565,1151.74,1.839,49.442,603.22,212.94,368.891,,4849.72,2045.4
India,2007,1189691776,4.36E+12,68.333,1356.953,1.141,0.312,0.258,842.478,1268.807,2.418,52.696,616.14,223.65,391.028,,5263.111,2191.17
India,2008,1206734848,4.60E+12,73.245,1461.518,1.211,0.318,0.262,910.796,1360.786,2.114,63.047,622.34,227.16,412.316,,5570.697,2289.14
India,2009,1223640192,4.95E+12,81.268,1611.416,1.317,0.326,0.268,983.948,1525.795,1.905,112.685,622.39,235.78,431.61,,6003.236,2438.92
India,2010,1240613632,5.31E+12,86.029,1676.495,1.351,0.315,0.267,1015.983,1577.572,1.865,134.244,627.11,243.22,438.373,,6269.459,2546.79
India,2011,1257621248,5.68E+12,91.314,1778.473,1.414,0.313,0.267,1089.807,1642.313,2.077,136.364,631.48,249.07,458.909,,6650.71,2584.75
India,2012,1274487168,5.95E+12,100.237,1962.594,1.54,0.33,0.278,1244.606,1820.424,3.592,125.605,632.59,250.14,488.554,,7048.088,2740.4
India,2013,1291132032,6.32E+12,107.82,2037.416,1.578,0.322,0.279,1319.999,1815.656,3.266,110.689,634.57,248.33,495.642,,7294.344,2804.34
India,2014,1307246464,6.75E+12,115.825,2187.343,1.673,0.324,0.28,1447.355,1992.493,3.529,109.467,637.04,250.58,511.166,,7799.773,2984.52
India,2015,1322866560,7.26E+12,117.508,2270.766,1.717,0.313,0.283,1487.461,2125.896,4.137,106.871,640.43,254.05,554.789,,8030.202,3003.07
India,2016,1338636288,7.77E+12,123.281,2383.816,1.781,0.307,0.285,1529.99,2208.97,3.756,113.622,645.12,253.4,613.166,,8378.88,3076.48
India,2017,1354195712,8.28E+12,121.047,2434.868,1.798,0.294,0.28,1560.988,2289.075,2.823,118.922,650.82,259.55,631.087,,8701.049,3215.07
India,2018,1369003264,8.84E+12,138.965,2600.447,1.9,0.294,0.281,1677.6,2431.703,2.49,126.201,657.15,265.59,655.19,,9260.351,3360.56
India,2019,1383112064,,143.664,2626.459,1.899,,0.277,1677.654,2467.513,2.454,128.676,658.09,261.74,674.011,,9485.631,3363.6
India,2020,1396387072,,122.908,2445.012,1.751,,0.273,1588.06,2276.881,2.806,127.635,,,603.602,,8941.913,
India,2021,1407563904,,149.001,2709.684,1.925,,0.275,1802.312,,2.772,133.451,,,622.148,,9841.214,
Asia,1850,825489039,,0,0.015,0,0,,0.015,,0,0,,,0,,,
Asia,1851,825140598,,0,0,0,0,,,,,,,,,,,
Asia,1852,824118722,,0,0,0,0,,,,,,,,,,,
Asia,1853,822430482,,0,0,0,0,,,,,,,,,,,
Asia,1854,820791535,,0,0,0,0,,,,,,,,,,,
Asia,1855,819201877,,0,0.045,0,0.002,,0.045,,0,0,,,0,,,
Asia,1856,817661526,,0,0,0,0,,,,,,,,,,,
Asia,1857,816170488,,0,0,0,0,,,,,,,,,,,
Asia,1858,814728803,,0,0.457,0.001,0.022,,0.457,,0,0,,,0,,,
Asia,1859,813640176,,0,0.703,0.001,0.034,,0.703,,0,0,,,0,,,
Asia,1860,812901530,,0,0.731,0.001,0.035,,0.723,,0,0,,,0.008,,,
Asia,1861,812518807,,0,0.609,0.001,0.003,,0.6,,0,0,,,0.009,,,
Asia,1862,812487872,,0,0.651,0.001,0.032,,0.642,,0,0,,,0.009,,,
Asia,1863,812801035,,0,0.715,0.001,0.035,,0.703,,0,0,,,0.012,,,
Asia,1864,813147442,,0,0.695,0.001,0.034,,0.679,,0,0,,,0.016,,,
Asia,1865,813519627,,0,0.83,0.001,0.039,,0.813,,0,0,,,0.017,,,
Asia,1866,813916125,,0,1.205,0.001,0.055,,1.178,,0,0,,,0.028,,,
Asia,1867,814343757,,0,0.637,0.001,0.028,,0.6,,0,0,,,0.037,,,
Asia,1868,814800504,,0,0.527,0.001,0.023,,0.478,,0,0,,,0.05,,,
Asia,1869,815716032,,0,0.748,0.001,0.033,,0.693,,0,0,,,0.055,,,
Asia,1870,817101095,,0,0.677,0.001,0.001,,0.62,,0,0,,,0.057,,,
Asia,1871,818935327,,0,0.9,0.001,0.029,,0.841,,0,0,,,0.059,,,
Asia,1872,821243760,,0,0.973,0.001,0.031,,0.909,,0,0,,,0.064,,,
Asia,1873,823995757,,0,0.931,0.001,0.03,,0.823,,0,0,,,0.108,,,
Asia,1874,826753266,,0,1.635,0.002,0.019,,1.488,,0,0,,,0.147,,,
Asia,1875,829543296,,0,2.703,0.003,0.084,,2.488,,0,0,,,0.215,,,
Asia,1876,832344921,,0,2.81,0.003,0.087,,2.514,,0,0,,,0.296,,,
Asia,1877,835128006,,0,2.891,0.003,0.087,,2.54,,0,0,,,0.351,,,
Asia,1878,837908196,,0,5.46,0.007,0.16,,4.946,,0,0,,,0.513,,,
Asia,1879,841138989,,0,5.673,0.007,0.165,,4.976,,0,0,,,0.697,,,
Asia,1880,844858996,,0,6.191,0.007,0.149,,5.405,,0,0,,,0.786,,,
Asia,1881,849089180,,0,6.35,0.007,0.143,,5.536,,0,0,,,0.814,,,
Asia,1882,853831270,,0,6.879,0.008,0.157,,5.776,,0,0,,,1.103,,,
Asia,1883,859077394,,0,7.607,0.009,0.175,,6.47,,0,0,,,1.137,,,
Asia,1884,864378253,,0,8.192,0.009,0.029,,6.806,,0,0,,,1.386,,,
Asia,1885,869788419,,0,8.539,0.01,0.024,,7.086,,0,0,,,1.453,,,
Asia,1886,875226843,,0,9.115,0.01,0.026,,7.412,,0,0,,,1.703,,,
Asia,1887,880739416,,0,10.538,0.012,0.015,,8.72,,0,0,,,1.818,,,
Asia,1888,886298069,,0,11.719,0.013,0.032,,9.649,,0,0,,,2.069,,,
Asia,1889,891678432,,0,13.784,0.015,0.038,,11.382,,0,0,,,2.402,,,
Asia,1890,896895609,,0,15.089,0.017,0.02,,12.366,,0,0,,,2.722,,,
Asia,1891,901901126,,0,17.206,0.019,0.048,,14.187,,0,0,,,3.019,,,
Asia,1892,906708550,,0,18.277,0.02,0.048,,15.107,,0,0,,,3.17,,,
Asia,1893,911321798,,0,20.417,0.022,0.053,,16.25,,0,0,,,4.167,,,
Asia,1894,915991009,,0,22.752,0.025,0.057,,18.963,,0,0,,,3.789,,,
Asia,1895,920728298,,0,26.309,0.029,0.066,,21.685,,0,0,,,4.624,,,
Asia,1896,925469192,,0,28.035,0.03,0.075,,23.178,,0,0,,,4.857,,,
Asia,1897,930269915,,0,30.493,0.033,0.073,,24.691,,0,0,,,5.802,,,
Asia,1898,935108383,,0,36.495,0.039,0.084,,30.08,,0,0,,,6.415,,,
Asia,1899,940443731,,0,38.655,0.041,0.094,,32.027,,0,0,,,6.627,,,
Asia,1900,946242864,,0,44.009,0.047,0.054,,36.348,,0,0,,,7.661,,,
Asia,1901,952498307,,0,50.37,0.053,0.112,,40.872,,0,0,,,9.498,,,
Asia,1902,959237085,,0,52.412,0.055,0.113,,43.756,,0,0,,,8.656,,,
Asia,1903,966451106,,0,55.068,0.057,0.114,,45.268,,0,0,,,9.8,,,
Asia,1904,973734587,,0,61.913,0.064,0.128,,50.657,,0,0,,,11.257,,,
Asia,1905,981090354,,0,63.008,0.064,0.132,,52.33,,0,0,,,10.678,,,
Asia,1906,988522382,,0,70.288,0.071,0.138,,58.507,,0,0,,,11.78,,,
Asia,1907,996049773,,0,97.204,0.098,0.201,,84.186,,0,0,,,13.017,,,
Asia,1908,1003674302,,0,105.992,0.106,0.216,,92.472,,0,0,,,13.52,,,
Asia,1909,1011322860,,0,109.212,0.108,0.204,,94.425,,0,0,,,14.787,,,
Asia,1910,1018997582,,0,110.783,0.109,0.204,,97.494,,0,0,,,13.289,,,
Asia,1911,1026660265,,0,117.765,0.115,0.123,,103.729,,0,0,,,14.036,,,
Asia,1912,1034425911,,0,119.78,0.116,0.212,,105.972,,0,0,,,13.807,,,
Asia,1913,1042234550,,0,137.369,0.132,0.124,,122.13,,0,0,,,15.239,,,
Asia,1914,1050154533,,0,142.878,0.136,0.245,,127.376,,0,0,,,15.502,,,
Asia,1915,1058188662,,0,136.662,0.129,0.233,,120.46,,0,0,,,16.202,,,
Asia,1916,1066281832,,0,149.904,0.141,0.236,,132.052,,0,0.029,,,17.824,,,
Asia,1917,1074410073,,0,161.998,0.151,0.259,,143.988,,0,0.044,,,17.967,,,
Asia,1918,1082756905,,0,166.879,0.154,0.283,,151.684,,0,0.048,,,15.147,,,
Asia,1919,1091090241,,0,183.562,0.168,0.281,,167.022,,0,0.051,,,16.488,,,
Asia,1920,1099417986,,0,175.431,0.16,0.286,,157.557,,0,0.07,,,17.805,,,
Asia,1921,1107621411,,0,171.8,0.155,0.256,,151.445,,0,0.211,,,20.144,,,
Asia,1922,1115699547,,0,181.282,0.162,0.266,,157.998,,0,0.218,,,23.067,,,
Asia,1923,1123673982,,0,199.214,0.177,0.291,,171.997,,0,0.387,,,26.83,,,
Asia,1924,1131787684,,0,213.285,0.188,0.298,,183.809,,0,0.513,,,28.962,,,
Asia,1925,1140024531,,0,215.449,0.189,0.294,,184.181,,0,0.784,,,30.485,,,
Asia,1926,1148394646,,0,218.821,0.191,0.282,,185.914,,0,0.712,,,32.195,,,
Asia,1927,1156897793,,0,236.806,0.205,0.309,,199.721,,0,0.709,,,36.377,,,
Asia,1928,1165548726,,2.52,248.41,0.213,0.313,,205.42,,0,0.907,,,39.564,,,
Asia,1929,1175056070,,2.903,258.363,0.22,0.194,,211.297,,0,1.147,,,43.015,,,
Asia,1930,1185463161,,2.736,257.944,0.218,0.196,,206.647,,0,1.052,,,47.508,,,
Asia,1931,1196785984,,2.763,248.702,0.208,0.186,,196.41,,0,1.678,,,47.851,,,
Asia,1932,1209016893,,2.833,248.792,0.206,0.185,,193.886,,0,1.787,,,50.286,,,
Asia,1933,1222124693,,3.326,273.091,0.223,0.207,,213.491,,0,2.209,,,54.065,,,
Asia,1934,1235397711,,3.531,309.642,0.251,0.231,,241.924,,0,2.523,,,61.664,,,
Asia,1935,1248842623,,4.525,337.3,0.27,0.243,,263.274,,0,2.644,,,66.857,,,
Asia,1936,1262555134,,5.222,364.187,0.288,0.245,,281.955,,0,2.796,,,74.214,,,
Asia,1937,1276502272,,5.3,385.525,0.302,0.26,,291.25,,0,3.065,,,85.91,,,
Asia,1938,1290722765,,3.804,394.76,0.306,0.259,,299.333,,0,3.22,,,88.402,,,
Asia,1939,1303469421,,4.43,418.879,0.321,0.41,,312.829,,0,3.496,,,98.124,,,
Asia,1940,1314744179,,3.313,471.838,0.359,0.448,,371.534,,0,4.252,,,92.738,,,
Asia,1941,1324559853,,6.377,478.42,0.361,0.465,,389.844,,0,0.319,,,81.88,,,
Asia,1942,1332892961,,5.367,447.414,0.336,0.503,,368.43,,0,0.26,,,73.357,,,
Asia,1943,1339548622,,4.792,440.126,0.329,0.497,,350.144,,0,0.179,,,85.01,,,
Asia,1944,1345916914,,3.972,440.591,0.327,0.514,,341.197,,0,0.194,,,95.228,,,
Asia,1945,1352400061,,2.255,328.129,0.243,0.435,,224.268,,0,2.05,,,99.557,,,
Asia,1946,1359285868,,2.354,315.654,0.232,0.445,,185.744,,0,2.337,,,125.22,,,
Asia,1947,1366884901,,2.701,380.436,0.278,0.579,,218.691,,0,2.813,,,156.231,,,
Asia,1948,1375039604,,3.223,384.024,0.279,0.554,,239.741,,0,3.691,,,137.369,,,
Asia,1949,1387587694,,4.742,458.599,0.331,0.567,,282.765,,0,5.311,,,165.781,,,
Asia,1950,1378554727,,6.325,475.177,0.345,0.299,,305.209,,0,5.493,,,158.149,,,
Asia,1951,1405143078,,8.663,455.045,0.324,0.26,,351.857,,0,6.112,,,88.413,,,
Asia,1952,1434494047,,9.561,504.698,0.352,0.267,,390.224,,0,6.659,,,98.255,,,
Asia,1953,1465867616,,11.407,540.253,0.369,0.262,,406.514,,0,7.463,,,114.868,,,
Asia,1954,1498211442,,13.691,592.035,0.395,0.284,,436.488,,0,8.291,,,133.565,,,
Asia,1955,1532368957,,14.24,674.786,0.44,0.306,,476.303,,11.641,11.102,,,161.501,,,
Asia,1956,1566934853,,17.006,749.28,0.478,0.319,,521.408,,12.754,13.621,,,184.491,,,
Asia,1957,1603074679,,19.682,843.53,0.526,0.346,,592.389,,8.664,17.858,,,204.938,,,
Asia,1958,1639899539,,22.114,1137.921,0.694,0.452,,861.175,,9.871,22.003,,,222.758,,,
Asia,1959,1672174028,,26.272,1373.618,0.821,0.528,,1061.559,,11.208,26.398,,,248.182,,,
Asia,1960,1698939691,,32.137,1538.406,0.906,0.568,,1145.768,,12.68,34.668,,,294.228,18.925,,
Asia,1961,1725304326,,30.684,1393.256,0.808,0.512,,951.355,,14.39,40.712,,,335.699,20.417,,
Asia,1962,1760632925,,34.167,1342.288,0.762,0.465,,854.504,,15.817,46.141,,,370.551,21.108,,
Asia,1963,1806724539,,36.948,1422.811,0.788,0.457,,868.14,,23.763,53.212,,,418.679,22.069,,
Asia,1964,1854882565,,41.595,1507.063,0.812,0.442,,876.228,,44.746,61.394,,,458.829,24.271,,
Asia,1965,1901594742,,45.465,1649.484,0.867,0.459,0.324,937.498,,60.725,68.329,,,514.083,23.383,5354.305,
Asia,1966,1948036863,,51.997,1796.642,0.922,0.473,0.324,991.362,,70.369,75.249,,,583.474,24.192,5810.912,
Asia,1967,1994226633,,53.703,1824.612,0.915,0.455,0.315,924.984,,90.564,81.296,,,648.821,25.244,6086.027,
Asia,1968,2042761361,,58.048,2015.469,0.987,0.472,0.322,981.346,,93.983,89.473,,,766.422,26.197,6568.381,
Asia,1969,2093665797,,65.284,2288.907,1.093,0.488,0.321,1098.435,,120.634,102.193,,,874.076,28.285,7466.047,
Asia,1970,2144906508,,73.46,2696.106,1.257,0.524,0.333,1290.839,,129.931,104.963,,,1065.693,31.22,8458.709,
Asia,1971,2195423804,,80.498,2950.439,1.344,0.545,0.332,1379.189,,163.691,112.264,,,1183.193,31.605,9285.835,
Asia,1972,2245577141,,87.368,3120.408,1.39,0.546,0.33,1401.232,,187.101,120.222,,,1289.909,34.576,9867.866,
Asia,1973,2296593872,,95.907,3351.738,1.459,0.506,0.327,1448.281,,223.095,135.421,,,1411.49,37.544,10690.787,
Asia,1974,2346946783,,94.771,3411.388,1.454,0.539,0.326,1472.002,,220.09,151.875,,,1434.638,38.011,10938.266,
Asia,1975,2395376069,,99.334,3576.808,1.493,0.539,0.329,1619.192,,192.85,166.899,,,1464.126,34.406,11338.047,
Asia,1976,2442681709,,105.775,3801.749,1.556,0.55,0.331,1637.472,,230.375,181.4,,,1610.207,36.52,11993.469,
Asia,1977,2489872409,,115.394,4046.414,1.625,0.554,0.33,1743.941,,225.91,194.024,,,1730.729,36.415,12794.689,
Asia,1978,2536783728,,130.955,4227.558,1.667,0.544,0.322,1821.9,,227.134,212.952,,,1797.112,37.506,13689.636,
Asia,1979,2584916791,,134.347,4401.187,1.703,0.543,0.318,1894.84,,193.685,243.487,,,1896.3,38.527,14460.322,
Asia,1980,2635334410,,138.094,4395.949,1.668,0.493,0.304,1939.028,,167.959,279.083,,,1836.199,35.586,14497.356,
Asia,1981,2687793098,,142.971,4369.496,1.626,0.472,0.298,1978.359,,115.854,300.469,,,1797.714,34.129,14714.961,
Asia,1982,2742593626,,149.596,4519.137,1.648,0.468,0.302,2121.362,,116.757,284.549,,,1811.248,35.625,15051.132,
Asia,1983,2797881469,,159.821,4701.174,1.68,0.464,0.298,2229.77,,103.348,291.06,,,1878.809,38.366,15864.343,
Asia,1984,2853170213,,169.347,4975.358,1.744,0.464,0.292,2429.776,,73.486,374.464,,,1886.611,41.674,17129.502,
Asia,1985,2909856492,,179.281,5266.603,1.81,0.47,0.27,2656.944,,63.793,415.477,,,1906.251,44.857,20033.307,
Asia,1986,2968294733,,191.309,5492.772,1.85,0.471,0.27,2778.087,,56.395,450.314,,,1966.625,50.04,20867.184,
Asia,1987,3028624604,,204.541,5732.141,1.893,0.464,0.266,2938.284,,55.393,491.851,,,1978.156,63.917,22058.24,
Asia,1988,3089224548,,222.634,6194.507,2.005,0.473,0.268,3163.848,,59.641,525.795,,,2144.795,77.794,23595.061,
Asia,1989,3149702853,,230.653,6410.467,2.035,0.471,0.265,3216.611,,57.263,567.427,,,2263.246,75.267,24725.578,
Asia,1990,3210563750,,237.589,6611.225,2.059,0.464,0.262,3252.217,6555.929,79.812,647.593,2672.5,777.41,2307.884,86.129,25702.018,9678.54
Asia,1991,3269054085,,261.622,7414.699,2.268,0.502,0.282,3368.297,6723.021,99.146,698.596,2680.96,789.8,2897.288,89.749,26707.09,9963.21
Asia,1992,3324377494,,293.244,7256.959,2.183,0.47,0.261,3428.207,7248.036,68.813,746.032,2693.71,809.19,2622.671,97.993,27907.912,10243.729
Asia,1993,3378235529,,324.774,7589.25,2.247,0.467,0.261,3560.168,7485.799,65.971,804.401,2740.02,807.17,2726.961,106.975,29070.986,10601.8
Asia,1994,3431170953,,356.125,7920.648,2.308,0.466,0.259,3717.167,7637.147,69.516,855.357,2770.17,834.15,2812.171,110.312,30572.709,10961.609
Asia,1995,3483316665,,385.61,8241.792,2.366,0.457,0.258,3933.509,7993.496,62.962,863.703,2839.47,889.3,2882.589,113.417,31909.877,11575.24
Asia,1996,3534544077,,402.647,8573.008,2.425,0.448,0.257,4096.282,8238.948,64.589,906.24,2825.23,920.7,2988.095,115.153,33311.406,11577.28
Asia,1997,3585198287,,420.511,8687.989,2.423,0.439,0.253,4098.437,8245.477,67.92,957.87,3057.09,916.62,3025.998,117.255,34276.934,12712.93
Asia,1998,3635442850,,411.68,8419.528,2.316,0.424,0.245,3910.883,7792.209,66.359,958.411,2913.58,934.32,2957.433,114.763,34335.734,12049.94
Asia,1999,3685232690,,440.303,8880.381,2.41,0.433,0.25,4107.223,8291.999,65.167,1040.293,2900.54,942.79,3114.745,112.649,35453.434,12079.91
Asia,2000,3735089775,,464.483,9300.388,2.49,0.429,0.252,4273.769,8645.265,66.781,1073.207,2923.09,939.51,3311.404,110.744,36846.305,12472.641
Asia,2001,3785215058,,498.792,9465.591,2.501,0.421,0.248,4356.85,8736.339,71.932,1108.725,2900.88,943.02,3320.441,108.85,38114.699,12721.66
Asia,2002,3834687401,,536.806,10011.79,2.611,0.424,0.25,4807.693,9198.774,64.921,1171.515,3007.69,971.28,3320.248,110.608,40015.477,13692.37
Asia,2003,3883310793,,588.314,10993.457,2.831,0.441,0.255,5510.933,9974.758,71.462,1266.102,2991.33,994.55,3442.4,114.246,43145.719,14216.14
Asia,2004,3931402529,,633.244,11682.397,2.972,0.437,0.247,5837.408,10555.306,80.277,1370.735,3171.29,1040.39,3640.671,120.062,47289.332,15691.92
Asia,2005,3979329053,,675.255,12525.343,3.148,0.438,0.246,6525.003,11173.949,90.172,1450.33,3174.99,1055.31,3654.843,129.739,50798.613,16404.82
Asia,2006,4027291741,,745.681,13367.104,3.319,0.435,0.249,7115.816,11845.757,100.596,1572.531,3349.09,1088.44,3695.546,136.932,53719.504,17789.439
Asia,2007,4074998014,,809.072,14076.977,3.454,0.427,0.246,7667.769,12578.493,93.789,1649.663,3287.21,1110.74,3713.606,143.079,57037.352,18249.189
Asia,2008,4122790915,,835.241,14820.116,3.595,0.432,0.251,8175.789,13291.325,97.724,1773.353,3333.63,1122.72,3791.119,146.891,58929.324,18745.73
Asia,2009,4171339685,,903.758,15368.629,3.684,0.433,0.255,8545.598,13937.541,112.43,1842.708,3450.79,1165.99,3814.878,149.257,60259.277,19838.941
Asia,2010,4220041467,,975.722,16536.73,3.919,0.429,0.257,9245.113,14947.891,111.32,2021.423,3445.44,1187.82,4043.058,140.093,64216.25,20755.109
Asia,2011,4268479060,,1063.676,17752.203,4.159,0.435,0.263,10127.802,16173.784,106.048,2200.99,3579.33,1200.44,4087.085,166.603,67597.547,21985.352
Asia,2012,4317165429,,1090.337,18466.895,4.278,0.434,0.264,10493.496,17019.531,111.395,2278.974,3594.37,1223.92,4324.024,168.67,70026.562,22650.52
Asia,2013,4365286895,,1147.297,18720.994,4.289,0.419,0.26,10605.136,17239.148,112.594,2312.359,3628.94,1242.7,4356.896,186.712,71853.516,23287.24
Asia,2014,4412496398,,1192.221,19068.562,4.321,0.408,0.258,10745.088,17569.045,115.734,2499.506,3749.87,1267.38,4320.56,195.456,73954.727,23992.98
Asia,2015,4458250376,,1137.236,19206.867,4.308,0.396,0.255,10672.142,17861.305,117.555,2578.933,3775.48,1290.91,4505.157,195.844,75422.281,24046.99
Asia,2016,4502955714,,1182.519,19303.904,4.287,0.385,0.25,10544.242,17909.85,123.456,2680.369,3677.46,1300.08,4575.845,197.474,77189.898,23972.568
Asia,2017,4547095064,,1201.785,19839.646,4.363,0.382,0.249,10794.347,18390.08,127.207,2805.225,3716.51,1319.94,4711.42,199.66,79648.156,24566.141
Asia,2018,4588802751,,1260.604,20437.713,4.454,0.38,0.248,11148.442,19077.648,121.688,2957.418,3817.08,1322.39,4748.653,200.909,82551.156,25456.09
Asia,2019,4627738749,,1306.443,20894.498,4.515,,0.247,11458.775,19520.541,113.137,3018.15,3877.76,1337.94,4791.942,206.051,84601.555,26048.539
Asia,2020,4663086623,,1330.143,20689.746,4.437,,0.253,11351.919,19240.953,116.197,3052.322,,,4638.769,200.396,83521.93,
Asia,2021,4693332132,,1358.534,21688.988,4.621,,0.25,11959.011,,121.619,3242.854,,,4806.574,200.396,88466.648,
China,1850,409821554,3.53E+11,,,,,,,,,,,,,,,
China,1851,407685621,,,,,,,,,,,,,,,,
China,1852,404840117,,,,,,,,,,,,,,,,
China,1853,401291154,,,,,,,,,,,,,,,,
China,1854,397773301,,,,,,,,,,,,,,,,
China,1855,394286284,,,,,,,,,,,,,,,,
China,1856,390829834,,,,,,,,,,,,,,,,
China,1857,387403681,,,,,,,,,,,,,,,,
China,1858,384007562,,,,,,,,,,,,,,,,
China,1859,380918916,,,,,,,,,,,,,,,,
China,1860,378133654,,,,,,,,,,,,,,,,
China,1861,375647734,,,,,,,,,,,,,,,,
China,1862,373457152,,,,,,,,,,,,,,,,
China,1863,371557949,,,,,,,,,,,,,,,,
China,1864,369668403,,,,,,,,,,,,,,,,
China,1865,367788464,,,,,,,,,,,,,,,,
China,1866,365918083,,,,,,,,,,,,,,,,
China,1867,364057212,,,,,,,,,,,,,,,,
China,1868,362205803,,,,,,,,,,,,,,,,
China,1869,360931425,,,,,,,,,,,,,,,,
China,1870,360232792,3.38E+11,,,,,,,,,,,,,,,
China,1871,360108630,,,,,,,,,,,,,,,,
China,1872,360557676,,,,,,,,,,,,,,,,
China,1873,361578676,,,,,,,,,,,,,,,,
China,1874,362602566,,,,,,,,,,,,,,,,
China,1875,363629353,,,,,,,,,,,,,,,,
China,1876,364659045,,,,,,,,,,,,,,,,
China,1877,365691652,,,,,,,,,,,,,,,,
China,1878,366727181,,,,,,,,,,,,,,,,
China,1879,367799212,,,,,,,,,,,,,,,,
China,1880,368907964,,,,,,,,,,,,,,,,
China,1881,370053652,,,,,,,,,,,,,,,,
China,1882,371236494,,,,,,,,,,,,,,,,
China,1883,372456710,,,,,,,,,,,,,,,,
China,1884,373680935,,,,,,,,,,,,,,,,
China,1885,374909182,,,,,,,,,,,,,,,,
China,1886,376141464,,,,,,,,,,,,,,,,
China,1887,377377794,3.43E+11,,,,,,,,,,,,,,,
China,1888,378618186,,,,,,,,,,,,,,,,
China,1889,380009637,,,,,,,,,,,,,,,,
China,1890,381553421,3.66E+11,,,,,,,,,,,,,,,
China,1891,383250820,,,,,,,,,,,,,,,,
China,1892,385103123,,,,,,,,,,,,,,,,
China,1893,387111631,,,,,,,,,,,,,,,,
China,1894,389130612,,,,,,,,,,,,,,,,
China,1895,391160121,,,,,,,,,,,,,,,,
China,1896,393200213,,,,,,,,,,,,,,,,
China,1897,395250942,,,,,,,,,,,,,,,,
China,1898,397312365,,,,,,,,,,,,,,,,
China,1899,399421783,,,0,0,,,,,0,0,,,0,,,
China,1900,401579661,3.89E+11,,,,,,,,,,,,,,,
China,1901,403786465,,,,,,,,,,,,,,,,
China,1902,406042669,,,0,0,,,,,0,0,,,0,,,
China,1903,408348748,,,0,0,,,,,0,0,,,0,,,
China,1904,410667922,,,0,0,,,,,0,0,,,0,,,
China,1905,413000265,,,0,0,,,,,0,0,,,0,,,
China,1906,415345852,,,0,0,,,,,0,0,,,0,,,
China,1907,417704759,,,19.894,0.048,,,19.894,,0,0,,,0,,,
China,1908,420077060,,,22.736,0.054,,,22.736,,0,0,,,0,,,
China,1909,422922872,,,24.252,0.057,,,24.252,,0,0,,,0,,,
China,1910,426250021,,,25.009,0.059,,,25.009,,0,0,,,0,,,
China,1911,430066435,3.87E+11,,24.631,0.057,0.064,,24.631,,0,0,,,0,,,
China,1912,434380144,,,17.029,0.039,,,17.029,,0,0,,,0,,,
China,1913,439199283,4.31E+11,,24.252,0.055,0.056,,24.252,,0,0,,,0,,,
China,1914,444071884,,,26.718,0.06,,,26.718,,0,0,,,0,,,
China,1915,448998541,,,25.421,0.057,,,25.421,,0,0,,,0,,,
China,1916,453979853,,,30.131,0.066,,,30.131,,0,0,,,0,,,
China,1917,459016426,,,32.023,0.07,,,32.023,,0,0,,,0,,,
China,1918,464075232,,,34.748,0.075,,,34.748,,0,0,,,0,,,
China,1919,468480579,,,37.997,0.081,,,37.997,,0,0,,,0,,,
China,1920,472222750,,,40.278,0.085,,,40.278,,0,0,,,0,,,
China,1921,475291915,,,38.763,0.082,,,38.763,,0,0,,,0,,,
China,1922,477678125,,,39.972,0.084,,,39.972,,0,0,,,0,,,
China,1923,479371311,,,46.518,0.097,,,46.518,,0,0,,,0,,,
China,1924,481070499,,,48.846,0.102,,,48.846,,0,0,,,0,,,
China,1925,482775710,,,45.955,0.095,,,45.955,,0,0,,,0,,,
China,1926,484486965,,,43.66,0.09,,,43.653,,0,0,,,0.007,,,
China,1927,486204286,,,45.809,0.094,,,45.798,,0,0,,,0.011,,,
China,1928,487927695,,0.04,47.591,0.098,,,47.541,,0,0,,,0.011,,,
China,1929,489891377,4.89E+11,0.077,48.282,0.099,0.099,,48.194,,0,0,,,0.011,,,
China,1930,492097572,4.95E+11,0.073,49.558,0.101,0.1,,49.331,,0,0,,,0.154,,,
China,1931,494548536,5.00E+11,0.098,51.905,0.105,0.104,,51.62,,0,0,,,0.187,,,
China,1932,497246541,5.16E+11,0.08,50.269,0.101,0.097,,49.973,,0,0,,,0.216,,,
China,1933,500193876,4.62E+11,0.113,54.111,0.108,0.117,,53.731,,0,0,,,0.267,,,
China,1934,503158681,4.71E+11,0.098,62.383,0.124,0.132,,62.003,,0,0,,,0.282,,,
China,1935,506141059,5.09E+11,0.156,72.646,0.144,0.143,,72.057,,0,0,,,0.432,,,
China,1936,509141114,5.41E+11,0.428,75.477,0.148,0.14,,74.539,,0,0,,,0.509,,,
China,1937,512158952,5.28E+11,0.438,70.969,0.139,0.134,,69.937,,0,0,,,0.594,,,
China,1938,515194677,5.15E+11,0.009,61.366,0.119,0.119,,60.521,,0,0,,,0.835,,,
China,1939,518180790,,0.223,74.427,0.144,,,73.024,,0,0,,,1.18,,,
China,1940,521116640,,0.272,90.791,0.174,,,88.723,,0,0,,,1.795,,,
China,1941,524001569,,0.496,113.979,0.218,,,111.449,,0,0,,,2.034,,,
China,1942,526834916,,0.655,127.613,0.242,,,124.452,,0,0,,,2.506,,,
China,1943,529616012,,0.64,108.995,0.206,,,107.402,,0,0,,,0.953,,,
China,1944,532411789,,0.49,103.004,0.193,,,101.898,,0,0,,,0.616,,,
China,1945,535222325,,0.018,55.892,0.104,,,55.335,,0,0,,,0.539,,,
China,1946,538047697,,0.086,36.107,0.067,,,35.805,,0,0,,,0.216,,,
China,1947,540887984,,0.174,41.836,0.077,,,41.501,,0,0,,,0.161,,,
China,1948,543743264,,0.083,38.4,0.071,,,38.094,,0,0,,,0.224,,,
China,1949,548239920,,0.275,62.081,0.113,,,61.444,,0,0,,,0.363,,,
China,1950,543979200,4.37E+11,0.587,78.835,0.145,0.18,,77.615,,0,0.015,,,0.619,,,
China,1951,553614016,5.30E+11,1.036,102.115,0.184,0.193,,100.133,,0,0.007,,,0.938,,,
China,1952,564954496,5.96E+11,1.203,127.999,0.227,0.215,,125.444,,0,0.015,,,1.337,,,
China,1953,577378688,6.73E+11,1.615,133.783,0.232,0.199,,130.237,,0,0.022,,,1.909,,,
China,1954,589936000,6.24E+11,1.915,160.877,0.273,0.258,,155.592,,0,0.029,,,3.341,,,
China,1955,603320128,6.81E+11,1.873,190.521,0.316,0.28,,183.196,,0,0.033,,,5.419,,,
China,1956,616283008,7.39E+11,2.66,215.824,0.35,0.292,,205.023,,0,0.048,,,8.094,,,
China,1957,630003008,7.62E+11,2.855,255.785,0.406,0.336,,243.81,,0,0.132,,,8.988,,,
China,1958,643791552,7.66E+11,3.871,524.617,0.815,0.685,,508.175,,0,0.213,,,12.359,,,
China,1959,652179200,7.44E+11,5.107,720.152,1.104,0.968,,695.438,,0,0.557,,,19.049,,,
China,1960,654170688,7.05E+11,6.514,798.8,1.221,1.133,,748.376,,0,1.993,,,22.992,18.925,,
China,1961,655260352,5.77E+11,2.585,570.63,0.871,0.989,,522.475,,0,2.818,,,22.336,20.417,,
China,1962,664614656,6.17E+11,2.497,459.618,0.692,0.746,,411.925,,0,2.323,,,21.764,21.108,,
China,1963,683903552,7.06E+11,3.355,456.779,0.668,0.647,,406.129,,0,1.957,,,23.27,22.069,,
China,1964,704593792,8.05E+11,5.032,460.637,0.654,0.573,,401.574,,0,2.03,,,27.729,24.271,,
China,1965,723846336,8.96E+11,6.801,500.286,0.691,0.558,0.326,432.993,,0,2.11,,,34.999,23.383,1536.194,
China,1966,742948544,9.27E+11,8.387,549.459,0.74,0.593,0.329,469.765,,0,2.568,,,44.547,24.192,1669.308,
China,1967,761006272,9.33E+11,6.085,460.226,0.605,0.493,0.307,383.599,,0,2.799,,,42.499,25.244,1501.068,
China,1968,780371968,9.12E+11,5.253,495.507,0.635,0.543,0.327,412.72,,0,2.686,,,48.651,26.197,1516.696,
China,1969,801430976,1.01E+12,7.613,607.683,0.758,0.604,0.329,501.177,,0,3.759,,,66.85,28.285,1845.186,
China,1970,822534464,1.14E+12,10.718,807.953,0.982,0.706,0.342,665.866,,0,5.503,,,94.645,31.22,2361.698,
China,1971,843285440,1.22E+12,13.124,909.21,1.078,0.748,0.325,736.424,,0.791,7.174,,,120.091,31.605,2800.124,
China,1972,862840384,1.23E+12,14.717,968.646,1.123,0.785,0.321,770.722,,1.022,9.281,,,138.328,34.576,3018.837,
China,1973,881652096,1.33E+12,15.456,1008.293,1.144,0.756,0.316,783.741,,1.264,11.468,,,158.819,37.544,3186.893,
China,1974,899367680,1.37E+12,15.34,1028.1,1.143,0.752,0.313,776.101,,1.634,14.44,,,182.573,38.011,3286.762,
China,1975,915124672,1.46E+12,19.102,1183.215,1.293,0.81,0.321,906.638,,1.905,16.972,,,204.191,34.406,3680.442,
China,1976,929375936,1.41E+12,19.253,1226.421,1.32,0.868,0.317,910.39,,1.905,19.368,,,238.985,36.52,3874.827,
China,1977,942581312,1.49E+12,22.906,1340.831,1.423,0.898,0.317,998.609,,2.18,23.237,,,257.484,36.415,4225.152,
China,1978,955138944,1.67E+12,26.81,1492.778,1.563,0.895,0.322,1117.447,,2.737,26.286,,,281.992,37.506,4632.033,
China,1979,968298944,1.80E+12,30.32,1525.661,1.576,0.847,0.32,1147.547,,3.063,27.777,,,278.427,38.527,4771.826,
China,1980,982372480,1.89E+12,32.712,1494.496,1.521,0.789,0.31,1122.664,,3.012,27.319,,,273.202,35.586,4827.534,
China,1981,997259520,1.95E+12,33.903,1476.488,1.481,0.757,0.31,1125.005,,2.689,24.388,,,256.374,34.129,4763.85,
China,1982,1013483200,2.13E+12,38.87,1606.585,1.585,0.755,0.323,1248.856,,2.524,22.9,,,257.81,35.625,4976.87,
China,1983,1029226880,2.28E+12,44.126,1694.217,1.646,0.743,0.32,1321.843,,2.671,23.439,,,263.771,38.366,5297.698,
China,1984,1044172224,2.53E+12,50.066,1844.828,1.767,0.728,0.324,1454.198,,3.213,24.226,,,271.451,41.674,5685.145,
China,1985,1060240000,2.75E+12,59.301,1998.083,1.885,0.726,0.325,1584.511,,0,24.82,,,284.594,44.857,6150.371,
China,1986,1077770496,2.93E+12,67.362,2104.213,1.952,0.718,0.327,1657.391,,0,26.352,,,303.068,50.04,6444.106,
China,1987,1096851840,3.18E+12,75.429,2257.739,2.058,0.711,0.325,1770.269,,0,26.601,,,321.523,63.917,6950.239,
China,1988,1115889792,3.35E+12,84.961,2425.894,2.174,0.723,0.325,1892.698,,0,27.311,,,343.13,77.794,7467.112,
China,1989,1134414720,3.38E+12,84.886,2463.654,2.172,0.729,0.314,1920.239,,0,28.821,,,354.441,75.267,7836.437,
China,1990,1153704192,3.39E+12,84.513,2484.855,2.154,0.734,0.313,1976.684,2321.05,0,29.301,765.84,296.17,330.291,64.065,7938.25,2891.73
China,1991,1170626176,3.51E+12,101.305,2606.096,2.226,0.743,0.313,2049.92,2401.029,0,30.778,775.53,303.72,356.027,68.066,8337.61,3039.15
China,1992,1183813376,3.76E+12,122.445,2730.788,2.307,0.727,0.311,2114.715,2577.371,0,30.239,781.19,309.6,385.793,77.596,8773.709,3168.05
China,1993,1195855616,4.13E+12,142.774,2921.651,2.443,0.708,0.309,2228.745,2758.274,0,35.728,790.54,301.41,428.549,85.855,9457.634,3397.8
China,1994,1207286656,4.44E+12,164.377,3100.002,2.568,0.698,0.308,2380.586,2748.222,0,41.568,812.96,314.95,423.712,89.76,10048.812,3557.37
China,1995,1218144384,4.81E+12,184.637,3357.909,2.757,0.698,0.324,2569.754,2992.187,0,42.436,850.31,358.59,468.23,92.852,10352.658,3960.71
China,1996,1228298880,5.13E+12,192.853,3503.234,2.852,0.683,0.321,2660.401,3122.029,0,44.47,858.79,384.61,510.622,94.887,10907.449,3982.11
China,1997,1237801472,5.29E+12,202.874,3510.169,2.836,0.663,0.32,2609.556,3055.2,0,44.159,813.78,356.53,557.961,95.62,10981.134,3977.65
China,1998,1246836096,5.34E+12,211.369,3360.455,2.695,0.629,0.305,2444.771,2957.13,0,50.501,815.85,365.59,559.262,94.553,11000.566,4095.97
China,1999,1255433216,5.58E+12,228.322,3552.842,2.83,0.637,0.312,2580.992,3167.125,0,54.572,810.42,381.21,596.751,92.205,11386.068,4028.58
China,2000,1264099072,5.95E+12,244.388,3644.464,2.883,0.612,0.309,2601.737,3256.258,0,59.796,810.19,376.06,648.686,89.857,11800.284,4221.08
China,2001,1272739584,6.33E+12,270.828,3723.731,2.926,0.588,0.299,2637.655,3352.691,0,67.157,802.87,378.28,659.3,88.79,12470.063,4430.04
China,2002,1280926080,6.81E+12,296.59,4112.459,3.211,0.603,0.303,3018.634,3658,0,53.993,795.72,396.99,653.086,90.156,13580.49,4736.95
China,2003,1288873344,7.25E+12,345.186,4827.446,3.745,0.666,0.305,3601.712,4067.041,0,60.745,821.23,401.56,727.099,92.704,15818.756,5387.28
China,2004,1296816768,7.83E+12,379.992,5223.755,4.028,0.667,0.282,3835.288,4321.464,0,71.521,867.68,417.36,839.093,97.86,18509.135,6172.83
China,2005,1304887552,8.60E+12,411.649,5876.555,4.503,0.683,0.279,4424.39,4714.85,0,84.957,905.26,427.61,850.173,105.387,21027.164,6934.85
China,2006,1313086592,9.49E+12,470.087,6488.804,4.942,0.684,0.282,4905.374,5131.892,0,103.753,944.44,440.46,898.534,111.056,23048.367,7614.35
China,2007,1321513216,1.04E+13,514.981,6978.612,5.281,0.674,0.279,5289.904,5546.232,0,129.515,975.03,449.39,927.351,116.861,25049.293,8224.19
China,2008,1330167168,1.08E+13,525.924,7496.832,5.636,0.694,0.288,5729.474,5970.326,0,149.674,994.45,465.24,970.117,121.642,26019.002,8480.5
China,2009,1339125632,1.16E+13,583.56,7886.533,5.889,0.681,0.29,6028.5,6724.771,0,164.404,1024.1,476.12,982.348,127.721,27158.898,9055.11
China,2010,1348191360,1.29E+13,639.592,8616.652,6.391,0.67,0.297,6568.793,7340.542,0,199.585,1073.15,488.57,1092.572,116.11,29054.18,9887.06
China,2011,1357095424,1.37E+13,708.564,9528.556,7.021,0.697,0.304,7309.786,8140.48,0,245.99,1121.46,497.54,1123.859,140.357,31333.574,10388.48
China,2012,1366560768,1.44E+13,714.782,9779.281,7.156,0.681,0.3,7464.806,8504.235,3.66,277.599,1122.85,509.57,1176.712,141.722,32620.357,10675.66
China,2013,1376100352,1.53E+13,748.323,9956.309,7.235,0.651,0.294,7493.454,8732.363,3.565,320.127,1147.21,522.8,1234.622,156.217,33847.848,11168.26
China,2014,1385189632,1.62E+13,778.627,9998.621,7.218,0.616,0.287,7425.067,8824.854,3.878,370.222,1161.42,534.42,1255.605,165.223,34835.977,11228.48
China,2015,1393715456,1.67E+13,721.995,9866.904,7.08,0.59,0.28,7266.979,8875.267,3.854,380.052,1159.87,549.62,1328.805,165.219,35283.02,11108.86
China,2016,1401889664,1.73E+13,743.044,9764.979,6.966,0.566,0.272,7071.404,8872.892,3.041,421.726,1120.35,552.67,1357.838,167.928,35876.348,11151.31
China,2017,1410275968,1.76E+13,758.185,10011.107,7.099,0.57,0.27,7163.318,9150.192,2.925,486.359,1131.63,548.88,1430.587,169.733,37112.145,11385.48
China,2018,1417069440,1.82E+13,786.745,10353.877,7.307,0.57,0.268,7316.4,9626.587,3.351,575.369,1159.28,545.19,1500.474,171.539,38578.57,11821.66
China,2019,1421864064,,826.876,10740.996,7.554,,0.269,7543.157,9959.169,3.806,630.171,1176.34,552.28,1559.728,177.257,39978.492,12055.41
China,2020,1424929792,,858.233,10956.213,7.689,,0.267,7605.717,10033.401,5.119,687.881,,,1627.725,171.539,40994.574,
China,2021,1425893504,,852.961,11472.368,8.046,,0.262,7955.985,,4.677,773.866,,,1713.34,171.539,43790.895,
